Year,T2M_1,WD2M_1,WS2M_1,PS_1,QV2M_1,PRECTOTCORR_1,ALLSKY_SFC_SW_DWN_1,EVPTRNS_1,GWETPROF_1,SNODP_1,T2MDEW_1,CLOUD_AMT_1,EVLAND_1,T2MWET_1,FRSNO_1,ALLSKY_SFC_LW_DWN_1,ALLSKY_SFC_PAR_TOT_1,ALLSKY_SRF_ALB_1,PW_1,Z0M_1,RHOA_1,RH2M_1,CDD18_3_1,HDD18_3_1,TO3_1,AOD_55_1,VAP_1,VPD_1,ET0_1
1984.000000,22.476774,124.560968,4.359032,101.048387,0.012396,3.848710,24.333548,2.656452,0.683226,0.000000,17.178387,64.367742,44.676452,19.828387,0.000000,393.503226,141.777419,0.051613,2.028065,0.030000,1.184194,73.858387,4.284839,0.000000,273.126129,0.193548,2.729557,2.727553,12.189980
1984.000000,22.812581,183.972581,3.317419,97.834516,0.009235,3.187419,26.232258,3.321935,0.455161,0.000000,11.600645,56.445161,42.362903,17.205484,0.000000,389.319355,150.106452,0.115161,1.117742,0.054194,1.146774,54.212903,4.497742,0.000000,273.409677,0.041935,2.796481,2.794986,11.746597
1984.000000,20.170645,154.540645,5.512903,101.014516,0.011596,2.734194,25.883226,2.811290,0.503226,0.000000,16.212581,61.245161,38.760968,18.192903,0.000000,380.222581,150.383871,0.050000,2.028065,0.000000,1.192903,78.763226,1.876774,0.029355,276.180968,0.193548,2.369043,2.367168,12.371659
1984.000000,25.335484,146.139032,2.029677,100.384516,0.013323,5.405484,24.378387,3.680323,0.661935,0.000000,18.203548,55.638710,43.210645,21.769032,0.000000,407.754839,140.932258,0.162903,2.590968,0.324194,1.163871,68.236774,7.109677,0.000000,268.011613,0.241613,3.248661,3.246509,10.546917
1984.000000,22.546452,149.252258,2.987097,100.727742,0.011079,4.302258,25.048710,3.256774,0.692903,0.000000,15.192258,58.612903,47.454194,18.869355,0.000000,392.654839,144.490323,0.097419,2.028065,0.070000,1.181290,67.598387,4.417097,0.000000,273.523226,0.193548,2.747164,2.745373,11.106787
1984.000000,18.742903,188.809355,5.910323,101.028387,0.011271,1.628710,26.965806,3.426452,0.427419,0.000000,15.757097,67.445161,36.070000,17.249355,0.000000,380.222581,154.683871,0.050323,2.028065,0.000000,1.200323,83.476129,0.746129,0.370968,278.711290,0.193548,2.168008,2.166185,12.190560
1984.000000,24.684839,135.983548,2.451935,99.911290,0.012829,4.921290,23.899355,6.340323,0.517097,0.000000,17.535806,58.267742,51.792258,21.109677,0.000000,401.600000,138.393548,0.153548,1.430645,0.070000,1.160968,67.166129,6.335484,0.000000,268.484194,0.072903,3.124802,3.122729,10.782823
1984.000000,25.240968,225.579032,4.299677,99.972581,0.008492,0.942581,26.676774,0.070968,0.436129,0.000000,10.587419,61.935484,12.778065,17.913548,0.000000,395.580645,151.293548,0.110645,1.117742,0.040000,1.165161,44.779355,7.009677,0.000000,276.259677,0.041935,3.235510,3.234134,13.575648
1984.000000,24.862903,202.880968,4.637097,100.528710,0.007853,0.607742,27.149032,0.189032,0.239677,0.000000,9.394194,67.783871,10.589677,17.127742,0.000000,401.100000,153.748387,0.089677,1.117742,0.030000,1.174516,42.690645,6.347742,0.000000,280.915806,0.041935,3.172323,3.171051,13.838812
1984.000000,18.246452,195.518710,5.697742,101.043548,0.011099,1.842258,26.965806,3.426452,0.427419,0.000000,15.527097,67.445161,36.070000,16.886774,0.000000,380.222581,154.683871,0.050323,2.028065,0.000000,1.201613,84.803871,0.471613,0.617742,278.751613,0.193548,2.102091,2.100296,11.886907
1985.000000,23.109355,113.150323,3.420968,101.113871,0.010508,3.453871,29.353548,0.618387,0.631613,0.000000,14.634516,52.438710,29.195484,18.871613,0.000000,347.241935,155.193548,0.094516,2.028065,0.070000,1.186452,64.112903,5.264516,0.000000,275.672258,0.193548,2.851958,2.850257,12.694610
1985.000000,21.139355,144.791613,2.637742,98.841613,0.010191,5.420323,25.806774,5.398065,0.524516,0.000000,13.748065,57.370968,51.432903,17.443871,0.000000,364.145161,144.274194,0.094194,1.117742,0.060000,1.163226,66.414194,2.940000,0.144516,276.298710,0.041935,2.528921,2.527272,10.535301
1985.000000,24.250645,119.623548,4.036452,100.983548,0.011633,3.092581,28.912581,1.380000,0.663871,0.000000,16.176452,58.296774,32.727419,20.212903,0.000000,363.758065,151.880645,0.093871,2.590968,0.040000,1.178065,64.490000,6.252903,0.000000,273.178065,0.241613,3.046175,3.044294,13.501710
1985.000000,20.583871,126.543226,4.511935,100.917097,0.009302,6.460645,27.430000,1.111935,0.360323,0.000000,12.575806,67.554839,29.609355,16.578710,0.000000,367.735484,148.558065,0.122581,1.117742,0.020000,1.192581,64.211613,2.389355,0.053871,282.969677,0.041935,2.435901,2.434395,12.231157
1985.000000,17.587097,109.487742,5.700968,101.347419,0.010718,4.675806,27.181613,3.201290,0.518387,0.000000,15.180000,55.867742,40.017419,16.382581,0.000000,346.193548,148.800000,0.060000,2.028065,0.000000,1.208710,86.028710,0.240323,0.916774,279.101613,0.193548,2.014933,2.013198,11.616922
1985.000000,25.112258,123.131290,2.154839,99.824194,0.010705,1.982581,27.257419,3.013871,0.577419,0.000000,14.599677,58.145161,36.699677,19.855161,0.000000,369.848387,148.222581,0.096129,1.430645,0.301290,1.158710,57.207419,7.238387,0.000000,270.120323,0.072903,3.214032,3.212300,11.382947
1985.000000,26.331290,120.079032,2.484839,100.399032,0.010647,1.379032,27.221613,0.473548,0.656774,0.000000,14.567097,64.690323,26.031613,20.448710,0.000000,389.387097,150.267742,0.098387,2.590968,0.218710,1.162258,54.187742,8.415161,0.000000,270.126774,0.241613,3.456066,3.454343,12.076070
1985.000000,20.724194,145.939355,2.979032,98.867419,0.009959,4.946452,26.136452,3.901290,0.646452,0.000000,13.445484,58.300000,47.355806,17.084194,0.000000,365.829032,145.183871,0.090645,2.028065,0.061935,1.167742,67.166129,2.771613,0.105484,276.930000,0.193548,2.462843,2.461231,10.850854
1985.000000,24.162581,131.689677,2.814516,100.457097,0.010569,3.307097,27.220645,3.775161,0.507742,0.000000,14.540323,58.819355,42.520000,19.351613,0.000000,366.709677,148.074194,0.087419,2.590968,0.070000,1.171935,59.653548,6.092581,0.000000,273.916129,0.241613,3.040458,3.038748,11.904153
1985.000000,18.030323,114.579677,5.629032,101.310645,0.010718,3.638710,27.181613,3.201290,0.518387,0.000000,15.170968,55.867742,40.017419,16.600968,0.000000,346.193548,148.800000,0.060000,2.028065,0.000000,1.205806,83.895806,0.532258,0.697097,278.968387,0.193548,2.073421,2.071687,11.755895
1986.000000,19.291613,163.722258,5.614839,101.000000,0.010920,0.732581,27.043548,3.528065,0.421935,0.000000,15.354839,45.019355,38.187742,17.322903,0.000000,382.690323,153.232258,0.068710,2.028065,0.000000,1.196774,78.344516,1.340968,0.220323,273.818065,0.193548,2.246051,2.244285,12.258652
1986.000000,17.807419,157.491613,5.480000,101.050000,0.010715,2.829677,27.876129,3.528065,0.421935,0.000000,15.048710,45.287097,38.187742,16.428387,0.000000,382.690323,156.629032,0.066129,2.028065,0.000000,1.202903,84.267419,0.403548,0.837419,272.730645,0.193548,2.045189,2.043455,11.665436
1986.000000,23.714516,122.294516,1.793871,99.348710,0.011805,6.792581,28.598387,6.350000,0.546452,0.000000,15.928387,49.980645,57.974194,19.822258,0.000000,380.412903,160.041935,0.117419,1.430645,0.672903,1.157742,65.640968,5.622258,0.034516,262.814516,0.072903,2.972585,2.970676,10.982059
1986.000000,20.837419,164.232903,5.559032,100.928065,0.010752,1.527419,27.195484,0.009677,0.349677,0.000000,15.049032,51.412903,10.944839,17.944839,0.000000,359.690323,153.403226,0.069032,1.117742,0.000000,1.190323,70.487419,2.721935,0.131613,275.232258,0.041935,2.477206,2.475466,12.938071
1986.000000,23.752903,212.708065,3.885161,98.963226,0.008116,3.384516,27.656452,1.068710,0.483871,0.000000,10.146774,67.732258,33.263226,16.949355,0.000000,393.554839,154.170968,0.148387,1.117742,0.050000,1.158065,47.326452,5.513226,0.064839,270.886129,0.041935,2.983704,2.982389,12.890402
1986.000000,23.616774,170.880645,3.103871,99.948387,0.010415,4.589032,26.339677,2.197742,0.614839,0.000000,13.939355,58.519355,40.022903,18.778710,0.000000,380.932258,148.325806,0.126129,2.028065,0.070000,1.168710,59.966774,5.360645,0.007419,267.077419,0.193548,2.950335,2.948651,11.737279
1986.000000,23.161613,167.867742,2.904194,99.474516,0.010053,6.070645,28.372258,5.759677,0.410323,0.000000,13.444194,46.483871,54.807419,18.302581,0.000000,372.451613,157.751613,0.133871,1.117742,0.090000,1.162903,58.452258,4.920000,0.121290,267.273226,0.041935,2.875724,2.874097,11.936236
1986.000000,23.229355,175.960968,3.081290,99.540323,0.009964,4.633871,28.413871,5.433226,0.439032,0.005161,13.337742,57.277419,50.300000,18.283871,0.000000,377.925806,158.006452,0.130323,1.117742,0.064194,1.164839,58.100000,4.954516,0.092903,267.606129,0.041935,2.888235,2.886623,12.135331
1986.000000,24.486129,152.705484,4.034516,100.767097,0.011564,2.304194,23.267419,0.249677,0.624194,0.000000,15.883548,67.467742,24.361613,20.184194,0.000000,401.158065,131.925806,0.195161,2.590968,0.040000,1.174839,63.196129,6.185484,0.000000,266.759355,0.241613,3.108276,3.106406,12.208886
1986.000000,23.512258,147.504194,2.895161,100.165484,0.011331,6.333548,27.588710,7.295806,0.517742,0.000000,15.375161,54.483871,56.690323,19.443871,0.000000,381.970968,154.825806,0.130645,2.590968,0.070000,1.167742,63.769677,5.151613,0.009677,265.282903,0.241613,2.931654,2.929822,11.827756
1987.000000,23.562903,165.119677,4.476129,100.550323,0.007292,0.792258,27.632258,0.255161,0.251935,0.000000,8.594839,62.338710,12.292903,16.078065,0.000000,396.880645,153.390323,0.112258,1.117742,0.030000,1.179677,43.836452,5.269355,0.010968,276.806452,0.041935,2.943296,2.942114,13.366131
1987.000000,23.464516,164.794194,3.366452,97.910968,0.008785,3.416452,26.733871,1.157419,0.406774,0.000000,10.980968,61.135484,29.893548,17.222581,0.000000,385.874194,148.748387,0.118710,1.117742,0.054194,1.146774,50.285484,5.124516,0.000000,271.198065,0.041935,2.913215,2.911792,12.124640
1987.000000,18.154839,135.731935,6.079677,101.109677,0.010393,1.225161,29.135161,2.056774,0.378387,0.000000,14.539032,33.080645,26.258387,16.346452,0.000000,376.183871,164.609677,0.063548,2.028065,0.000000,1.203871,79.834194,0.418065,0.570968,277.358387,0.193548,2.089554,2.087872,12.386758
1987.000000,23.880645,147.677742,2.736129,99.522581,0.010076,4.152581,26.482903,3.050000,0.427097,0.000000,13.456129,51.735484,40.506452,18.668065,0.000000,379.832258,149.148387,0.095161,1.117742,0.070000,1.161290,56.202258,5.552258,0.000000,269.470968,0.041935,2.988700,2.987069,11.559290
1987.000000,24.703226,133.325484,3.034516,99.213226,0.009545,4.084839,27.088710,1.674839,0.420968,0.000000,12.426452,56.809677,35.971935,18.564516,0.000000,396.303226,151.729032,0.118710,1.117742,0.074516,1.155484,51.115806,6.493226,0.000000,270.755806,0.041935,3.134770,3.133225,12.256970
1987.000000,24.064839,137.331290,2.840323,100.323871,0.011503,2.109032,23.889677,3.338387,0.687097,0.000000,15.965484,65.332258,42.269032,20.014194,0.000000,398.329032,135.454839,0.205161,2.590968,0.070000,1.170645,64.581290,5.964516,0.000000,264.757419,0.241613,3.028577,3.026717,11.089683
1987.000000,23.575484,166.688387,2.939032,99.029355,0.009354,3.026452,27.037742,1.254516,0.500645,0.000000,12.231613,53.667742,32.442258,17.901935,0.000000,375.561290,150.741935,0.109677,1.117742,0.063548,1.159032,53.937419,5.310000,0.000000,270.374516,0.041935,2.932364,2.930849,11.808965
1987.000000,24.897419,120.527419,2.503548,99.743871,0.011520,5.960968,25.856452,3.292581,0.573548,0.000000,15.755806,50.512903,48.311935,20.327742,0.000000,385.625806,146.270968,0.100000,1.430645,0.090000,1.158065,60.853548,6.895806,0.000000,265.689677,0.072903,3.173902,3.172039,11.450721
1987.000000,25.731935,125.425806,2.306774,100.548387,0.011534,3.238065,26.175806,1.643871,0.673871,0.000000,15.972258,51.180645,34.712581,20.851613,0.000000,393.280645,148.241935,0.092581,2.590968,0.120000,1.166774,60.147742,7.659032,0.000000,264.129355,0.241613,3.352305,3.350440,11.468600
1987.000000,22.652581,120.187419,3.423226,101.134194,0.010717,3.970645,27.867742,1.218387,0.649032,0.000000,14.820323,47.035484,36.342903,18.736452,0.000000,381.848387,156.874194,0.095806,2.028065,0.060000,1.187097,65.751290,4.645161,0.012903,270.417742,0.193548,2.779428,2.777694,12.170746
1988.000000,24.736129,152.741290,2.042581,100.478065,0.011694,2.733871,23.449677,3.309032,0.671935,0.000000,15.584839,54.806452,41.885484,20.160000,0.000000,396.151613,133.609677,0.119355,2.590968,0.324194,1.167742,61.685484,6.446774,0.039355,265.290968,0.241613,3.153198,3.151309,10.148110
1988.000000,22.411935,203.485161,2.863871,100.200323,0.010175,3.871290,25.831613,3.192581,0.680323,0.000000,13.573548,55.590323,46.228710,17.993548,0.000000,380.119355,146.006452,0.119355,2.028065,0.070000,1.176129,62.279032,4.240645,0.199677,275.633548,0.193548,2.757022,2.755376,11.070643
1988.000000,19.683871,169.183548,5.550323,100.940645,0.009655,1.125161,26.287419,0.003226,0.344516,0.000000,13.282258,51.200000,6.795484,16.481613,0.000000,347.803226,149.283871,0.055806,1.117742,0.000000,1.195806,67.708065,1.842903,0.361613,287.524194,0.041935,2.309282,2.307719,12.279143
1988.000000,24.180645,165.219677,2.524839,99.907097,0.010760,2.485484,24.611290,5.650645,0.540645,0.000000,14.162903,52.180645,50.503871,19.171935,0.000000,381.183871,138.783871,0.122258,1.430645,0.070000,1.164839,57.369032,5.821290,0.070000,268.660645,0.072903,3.055289,3.053549,10.881161
1988.000000,24.433226,180.555484,2.663226,99.935484,0.009301,2.353871,26.270323,3.079355,0.551290,0.000000,11.812903,48.974194,40.263871,18.123548,0.000000,378.535484,147.906452,0.129032,1.430645,0.070000,1.165161,49.944516,6.092903,0.063871,272.702903,0.072903,3.113232,3.111727,11.512286
1988.000000,22.329677,206.805484,2.849677,99.800323,0.009983,4.533871,26.746452,3.400323,0.680323,0.000000,13.180968,55.616129,46.556452,17.754839,0.000000,377.293548,150.532258,0.128065,2.028065,0.070000,1.171935,61.162581,4.175806,0.233226,275.817097,0.193548,2.745330,2.743715,11.242962
1988.000000,19.520645,182.955484,4.757419,100.664516,0.010064,2.696774,26.373226,0.945161,0.494194,0.000000,13.850968,52.129032,40.182581,16.686129,0.000000,365.306452,149.616129,0.049355,2.028065,0.020000,1.193226,72.204839,1.890000,0.473548,280.681935,0.193548,2.288809,2.287180,11.743124
1988.000000,24.708387,156.717097,2.366129,100.205806,0.011601,2.811935,23.449677,3.640968,0.656452,0.000000,15.399355,54.806452,42.841613,20.052903,0.000000,396.151613,133.609677,0.119355,2.590968,0.070000,1.164516,60.856774,6.373871,0.051290,265.291613,0.241613,3.149477,3.147602,10.547699
1988.000000,22.315806,167.230645,4.546129,101.005806,0.012992,3.332903,25.736129,7.322258,0.569032,0.000000,17.907742,58.216129,55.860000,20.111613,0.000000,395.093548,148.703226,0.050968,2.590968,0.010000,1.185484,77.038387,3.910968,0.029032,269.645806,0.241613,2.710429,2.708331,12.455874
1988.000000,24.029677,177.768710,2.637097,99.986774,0.009685,2.199355,26.027097,4.670968,0.521935,0.000000,12.477097,50.754839,45.675484,18.253871,0.000000,381.054839,146.677419,0.120645,1.430645,0.070000,1.166774,52.693226,5.660645,0.071935,272.543871,0.072903,3.036744,3.035177,11.316322
1989.000000,25.480000,176.698387,3.376774,98.985806,0.007527,1.527742,28.306452,0.519032,0.403548,0.000000,8.871613,50.941935,22.458065,17.176452,0.000000,383.229032,156.396774,0.162903,1.117742,0.060000,1.151935,39.632258,7.140000,0.015484,283.347742,0.041935,3.303789,3.302569,13.134245
1989.000000,24.903871,183.877419,3.284839,98.759677,0.007971,2.510000,27.866452,0.169355,0.591935,0.000000,9.681290,48.670968,21.995161,17.291613,0.000000,376.029032,153.758065,0.157419,2.028065,0.063548,1.152258,44.263548,6.577419,0.000323,283.305161,0.193548,3.199308,3.198017,12.749135
1989.000000,25.083871,178.983871,3.686452,98.357097,0.007074,1.212258,28.306452,0.147419,0.391290,0.000000,7.818065,50.941935,16.696129,16.450645,0.000000,383.229032,156.396774,0.162903,1.117742,0.051935,1.148387,38.190968,6.738387,0.016774,283.705161,0.041935,3.226171,3.225024,13.310709
1989.000000,17.397742,155.043871,5.761290,101.042903,0.010430,1.957097,25.650645,1.875484,0.372581,0.000000,14.689677,59.638710,24.251290,16.043871,0.000000,355.393548,146.019355,0.046129,2.028065,0.000000,1.205806,84.501613,0.153871,1.034516,288.169677,0.193548,1.991178,1.989490,11.320753
1989.000000,20.636452,162.216452,4.947742,100.870323,0.010267,1.436774,26.978710,0.663871,0.336774,0.000000,14.263548,51.093548,22.772581,17.450000,0.000000,376.535484,150.838710,0.119677,2.028065,0.020000,1.190323,70.047097,2.586129,0.120645,285.709677,0.193548,2.445154,2.443492,12.401912
1989.000000,22.529677,164.917419,4.916774,100.847097,0.009606,0.855161,26.361290,0.033871,0.340000,0.000000,13.113548,64.206452,3.911290,17.821290,0.000000,377.925806,149.867742,0.050968,1.117742,0.020000,1.183226,58.480968,4.186129,0.035806,286.232903,0.041935,2.746804,2.745248,13.036263
1989.000000,19.560968,152.096129,5.797419,100.997097,0.010755,1.322258,26.620000,1.875484,0.372581,0.000000,15.145806,53.480645,24.251290,17.354839,0.000000,370.777419,150.903226,0.044194,2.028065,0.000000,1.196452,76.335161,1.647419,0.136129,287.140645,0.193548,2.282247,2.280507,12.404894
1989.000000,18.484839,137.219355,5.665161,101.113548,0.011198,2.508065,27.388065,0.595161,0.452581,0.000000,15.772903,48.161290,22.814839,17.129032,0.000000,361.138710,154.803226,0.046129,2.028065,0.000000,1.201290,84.660323,0.610000,0.403871,285.771290,0.193548,2.132681,2.130869,12.010720
1989.000000,24.041290,174.848387,4.395484,100.787742,0.008326,0.737419,27.727097,0.069355,0.423548,0.000000,10.692903,62.509677,7.467419,17.367419,0.000000,387.432258,154.483871,0.161290,1.117742,0.030000,1.179355,48.149355,5.745161,0.012581,286.214516,0.041935,3.015375,3.014026,13.471621
1989.000000,25.311290,152.620645,3.234194,100.186452,0.009163,2.034516,27.707742,0.324194,0.623871,0.000000,12.094194,45.803226,27.231613,18.702903,0.000000,390.116129,155.635484,0.143226,2.028065,0.070000,1.167419,50.408387,7.255484,0.000000,283.026129,0.193548,3.263584,3.262101,12.768025
1990.000000,23.090323,173.408387,4.272903,99.805484,0.009254,3.732903,23.599677,0.850968,0.414839,0.000000,12.252258,61.806452,25.648387,17.671290,0.000000,385.064516,132.654839,0.137419,1.117742,0.040000,1.169677,54.901935,4.877742,0.064516,278.405806,0.041935,2.856114,2.854616,12.220316
1990.000000,24.811290,145.076129,2.794194,100.242581,0.011376,6.299355,26.079355,4.496774,0.592581,0.000000,15.370323,49.216129,47.811290,20.091290,0.000000,387.441935,146.970968,0.121613,2.590968,0.070000,1.165484,60.760645,6.493226,0.070323,273.312903,0.241613,3.181780,3.179941,11.740578
1990.000000,19.160000,150.470645,5.820968,100.986452,0.010706,3.214516,24.818710,4.027419,0.443548,0.000000,14.999032,61.545161,44.816452,17.079032,0.000000,358.977419,140.954839,0.055484,2.028065,0.000000,1.198065,77.198387,0.978387,0.152581,281.055161,0.193548,2.224092,2.222359,11.949862
1990.000000,23.798710,165.666452,3.194516,98.922258,0.009602,4.912903,24.162581,2.806452,0.459677,0.000000,12.567097,56.709677,42.911613,18.183548,0.000000,384.248387,136.129032,0.137419,1.117742,0.060000,1.155806,54.085484,5.599355,0.082258,276.580000,0.041935,2.991664,2.990110,11.519190
1990.000000,24.789355,156.847419,2.926452,99.630323,0.009884,3.972903,24.852903,3.237742,0.361613,0.000000,12.958065,55.583871,40.138710,18.874194,0.000000,383.922581,140.338710,0.135806,1.117742,0.070000,1.159355,52.681935,6.478710,0.046774,275.646129,0.041935,3.179526,3.177927,11.649539
1990.000000,24.317097,167.616129,3.070323,99.088387,0.009287,4.197419,25.096129,2.275806,0.453226,0.000000,12.064839,57.664516,41.410968,18.192258,0.000000,393.283871,141.674194,0.142258,1.117742,0.074516,1.156452,50.967097,6.108710,0.029032,276.656129,0.041935,3.080729,3.079225,11.750351
1990.000000,21.571290,154.486774,5.642581,100.904516,0.010736,2.252581,23.615161,0.007419,0.360000,0.000000,14.994194,66.816129,2.632581,18.282581,0.000000,382.774194,135.741935,0.060000,1.117742,0.010000,1.188065,67.463548,3.291935,0.001290,280.388710,0.041935,2.588495,2.586758,12.632623
1990.000000,26.755806,126.651290,1.740645,100.527742,0.011823,5.115806,25.671935,2.010645,0.664194,0.000000,15.928065,52.054839,38.835806,21.342258,0.000000,392.580645,144.167742,0.118387,2.590968,0.693871,1.160323,57.151613,8.576452,0.002903,270.060968,0.241613,3.562126,3.560216,10.743902
1990.000000,23.525806,166.086129,4.547097,100.606129,0.007960,0.788387,26.613871,0.102903,0.227419,0.000000,10.020645,63.151613,8.189355,16.773226,0.000000,391.793548,148.487097,0.151935,1.117742,0.030000,1.180323,47.576774,5.340645,0.000000,281.544194,0.041935,2.928682,2.927393,13.193772
1990.000000,25.699677,140.527742,2.813226,100.290323,0.010854,4.903548,24.198065,0.351613,0.637742,0.000000,14.645161,60.538710,26.502258,20.173226,0.000000,400.961290,137.606452,0.148710,2.590968,0.140000,1.164516,55.953226,7.616129,0.000000,272.215806,0.241613,3.336696,3.334941,11.498783
1991.000000,23.886129,175.418065,4.730000,100.737742,0.008992,2.095484,25.106129,0.867097,0.297742,0.000000,11.885484,65.083871,22.129032,17.885484,0.000000,400.638710,141.064516,0.154194,1.117742,0.030000,1.178387,51.810645,5.615806,0.069032,271.704516,0.041935,3.007701,3.006245,13.214036
1991.000000,22.394516,162.496452,3.613871,97.985161,0.009362,3.030645,25.219355,2.308065,0.452581,0.000000,12.238710,57.445161,34.662903,17.314516,0.000000,378.693548,141.370968,0.148710,1.117742,0.054194,1.150645,57.419355,4.212258,0.171613,267.497419,0.041935,2.741315,2.739800,11.726929
1991.000000,23.588387,164.711290,3.569032,99.000968,0.009148,3.372258,25.146452,1.177097,0.456452,0.000000,11.898710,61.129032,32.857097,17.743226,0.000000,383.296774,141.400000,0.151290,1.117742,0.050645,1.158710,52.699355,5.327742,0.109355,268.462581,0.041935,2.948296,2.946814,12.028500
1991.000000,23.528387,109.025806,2.984516,100.770323,0.011602,4.868710,25.040000,5.568387,0.701613,0.000000,16.139677,55.690323,51.974194,19.834839,0.000000,389.906452,141.070968,0.123226,2.590968,0.110000,1.176129,66.685806,5.267742,0.000000,262.775161,0.241613,2.914914,2.913038,11.355247
1991.000000,23.904839,177.482258,3.873548,99.085161,0.008763,2.433548,25.232581,0.623548,0.467419,0.000000,11.300645,59.419355,24.812903,17.602581,0.000000,386.525806,140.996774,0.162258,1.117742,0.050000,1.159677,50.385484,5.694194,0.070645,268.706774,0.041935,3.007483,3.006063,12.465127
1991.000000,23.444194,129.146452,2.985484,99.944194,0.010356,3.474194,25.455161,4.565161,0.462903,0.000000,14.083871,53.890323,43.687097,18.763548,0.000000,373.580645,143.593548,0.145484,1.117742,0.070000,1.168710,59.915806,5.180645,0.084516,265.990323,0.041935,2.916889,2.915213,11.463679
1991.000000,22.952258,115.463548,4.297419,100.987742,0.012178,4.483548,24.117097,3.748710,0.699032,0.000000,17.008710,61.716129,46.967419,19.980323,0.000000,393.203226,136.606452,0.146774,2.590968,0.020000,1.182258,70.980323,4.655806,0.000000,264.028065,0.241613,2.809912,2.807944,12.186057
1991.000000,22.492903,158.316129,3.461613,100.099355,0.009737,3.970323,24.413226,0.554194,0.631613,0.000000,13.208710,58.951613,29.427419,17.850323,0.000000,363.506452,136.803226,0.140323,2.028065,0.070000,1.177097,62.296774,4.618710,0.086774,266.281935,0.193548,2.751550,2.749974,11.391094
1991.000000,23.657097,112.292258,2.993226,100.487419,0.011570,5.084839,24.298387,6.924194,0.676774,0.000000,16.035161,54.848387,56.516452,19.846129,0.000000,384.829032,137.754839,0.155161,2.590968,0.064194,1.172903,65.998387,5.443226,0.000000,262.260968,0.241613,2.941624,2.939753,11.242999
1991.000000,20.920968,145.171290,6.064516,101.107419,0.011776,1.741935,23.679355,0.008065,0.360000,0.000000,16.600323,64.045161,3.944194,18.759355,0.000000,387.309677,135.654839,0.062258,1.117742,0.000000,1.190323,76.660000,2.728065,0.033226,270.270323,0.041935,2.484765,2.482860,12.666224
1992.000000,23.117097,154.715161,3.350645,99.134839,0.009908,4.562581,25.732581,2.084839,0.521935,0.000000,13.241613,54.009677,40.563548,18.179032,0.000000,381.900000,144.022581,0.179677,1.117742,0.050000,1.160968,58.655806,5.029032,0.332581,274.052581,0.041935,2.880550,2.878946,11.736580
1992.000000,21.162258,146.728710,3.378710,98.805806,0.010630,5.420000,24.420968,4.508710,0.643226,0.000000,14.364516,58.054839,50.142258,17.763226,0.000000,368.603226,137.238710,0.172581,2.028065,0.060000,1.163871,69.142581,3.285484,0.452258,274.603871,0.193548,2.551416,2.549696,10.848743
1992.000000,23.131613,143.160645,2.830645,99.945484,0.011237,3.529677,24.874194,6.589355,0.503548,0.000000,15.390645,54.377419,53.328387,19.260645,0.000000,370.706452,139.977419,0.170000,1.117742,0.070000,1.169677,65.193871,4.795484,0.155806,272.381613,0.041935,2.869846,2.868029,11.006359
1992.000000,17.188387,107.053871,5.713548,101.315484,0.010681,2.849032,23.129032,4.828065,0.450968,0.000000,15.006774,78.100000,44.986774,16.097097,0.000000,358.645161,134.038710,0.056452,2.028065,0.000000,1.210645,87.205484,0.128387,1.299032,277.555484,0.193548,1.968542,1.966814,10.774948
1992.000000,21.410968,116.515161,4.984839,101.093226,0.010311,1.310968,25.236452,0.318387,0.269032,0.000000,14.139677,59.941935,11.279677,17.775161,0.000000,387.961290,142.319355,0.171613,1.117742,0.020000,1.191290,66.987742,3.611290,0.298387,276.618387,0.041935,2.577862,2.576194,12.408486
1992.000000,22.028710,141.092903,2.903548,99.658065,0.011446,5.208065,24.874194,7.387742,0.580000,0.000000,15.642903,54.377419,59.480645,18.836452,0.000000,370.706452,139.977419,0.170000,1.117742,0.070000,1.170645,70.176774,3.719355,0.243226,273.267419,0.041935,2.681447,2.679596,10.757515
1992.000000,23.447097,148.948387,3.618065,100.834839,0.009615,3.824839,25.326129,1.140968,0.450968,0.000000,12.993548,58.277419,31.474516,18.220968,0.000000,388.003226,143.458065,0.170968,1.117742,0.040000,1.181290,57.435484,5.479032,0.198387,275.080968,0.041935,2.934365,2.932809,12.010534
1992.000000,23.434839,142.159677,3.177742,100.113226,0.011803,3.446129,24.321935,5.766129,0.731290,0.000000,16.109032,56.848387,53.239355,19.772258,0.000000,383.380645,137.206452,0.172581,2.590968,0.063226,1.169677,67.242903,5.179355,0.071935,271.785161,0.241613,2.911152,2.909244,11.423719
1992.000000,19.108710,123.157742,5.456129,101.188387,0.011221,3.820000,24.209032,4.828065,0.450968,0.000000,15.754516,64.400000,44.986774,17.431613,0.000000,360.977419,138.622581,0.059677,2.028065,0.010000,1.200323,81.581290,1.255161,0.457742,276.007419,0.193548,2.224368,2.222553,11.579405
1992.000000,20.196452,131.481613,4.787097,101.206774,0.011794,3.927742,21.761290,1.858710,0.678710,0.000000,16.488387,66.535484,36.742903,18.342258,0.000000,375.861290,127.332258,0.069032,2.028065,0.030000,1.197097,80.709355,2.219677,0.236774,276.638065,0.193548,2.377049,2.375142,11.128619
1993.000000,18.768387,165.451613,5.389677,100.977742,0.010467,1.936452,24.946452,4.948387,0.481613,0.000000,14.628710,49.454839,46.204516,16.698387,0.000000,352.190323,141.474194,0.038710,2.028065,0.000000,1.200323,77.230000,0.937097,0.442258,273.413871,0.193548,2.172967,2.171273,11.611093
1993.000000,17.496774,174.135161,5.128710,101.064194,0.010484,3.849032,23.220645,4.948387,0.481613,0.000000,14.699032,59.761290,46.204516,16.097419,0.000000,349.164516,132.125806,0.040000,2.028065,0.000000,1.205806,83.924194,0.221613,1.045484,270.623871,0.193548,2.005369,2.003673,10.658995
1993.000000,22.128387,201.568710,2.687419,98.762581,0.010337,4.859677,21.917419,3.105806,0.660968,0.000000,13.799355,57.670968,45.724516,17.964516,0.000000,376.151613,123.312903,0.239677,2.028065,0.063548,1.160000,64.064516,3.843871,0.173871,265.007742,0.193548,2.693054,2.691382,9.946395
1993.000000,18.027097,176.298065,5.393548,100.974839,0.010151,1.960000,24.946452,4.948387,0.481613,0.000000,14.153548,49.454839,46.204516,16.090000,0.000000,352.190323,141.474194,0.038710,2.028065,0.000000,1.204516,78.446774,0.466452,0.763548,275.234516,0.193548,2.074053,2.072411,11.290317
1993.000000,24.517419,166.277742,2.394516,100.422581,0.012533,6.493548,23.722258,5.908387,0.667742,0.000000,17.124839,58.832258,53.910000,20.820968,0.000000,390.829032,133.890323,0.249355,2.590968,0.080000,1.167742,67.240323,6.117419,0.044194,260.539677,0.241613,3.112611,3.110586,10.595089
1993.000000,21.673548,193.220323,2.582581,98.675484,0.010431,4.294839,22.225161,6.009677,0.537419,0.000000,13.994194,58.287097,54.744194,17.834194,0.000000,377.151613,124.896774,0.242903,1.117742,0.060000,1.160323,65.386452,3.318387,0.188710,264.832581,0.041935,2.616078,2.614390,9.767767
1993.000000,24.379355,162.481935,2.711935,100.528065,0.010599,3.793226,22.574194,0.814839,0.636774,0.000000,14.330645,60.867742,32.241935,19.354839,0.000000,376.867742,126.412903,0.252258,2.028065,0.070000,1.173226,59.380645,6.153871,0.001935,263.311290,0.193548,3.084298,3.082584,10.680520
1993.000000,22.323871,202.663871,2.928710,98.887742,0.009598,3.123226,23.529355,3.332581,0.512581,0.000000,12.663871,58.364516,48.478065,17.494516,0.000000,388.012903,133.654839,0.232581,1.117742,0.050645,1.160645,58.817419,4.044194,0.085806,265.782258,0.041935,2.716192,2.714638,10.572244
1993.000000,16.714194,178.260323,5.000968,101.026774,0.010020,1.986774,23.636774,4.948387,0.481613,0.000000,13.988387,57.470968,46.204516,15.351935,0.000000,347.348387,134.229032,0.039032,2.028065,0.000000,1.208710,84.212581,0.016774,1.691935,273.350645,0.193548,1.907682,1.906061,10.339415
1993.000000,17.787097,169.272258,5.060323,101.027097,0.010459,2.171613,23.128065,4.948387,0.481613,0.000000,14.651613,56.700000,46.204516,16.218710,0.000000,358.696774,132.038710,0.038387,2.028065,0.000000,1.204194,82.151613,0.288387,0.876774,271.682258,0.193548,2.042309,2.040616,10.716934
1994.000000,23.773548,144.376452,2.676129,99.957419,0.009987,4.894194,25.514516,2.795806,0.597742,0.000000,13.505484,51.322581,42.556774,18.640323,0.000000,372.670968,142.638710,0.216452,1.430645,0.070000,1.168387,57.699677,5.440645,0.012581,265.329032,0.072903,2.974708,2.973092,11.203325
1994.000000,23.660645,138.669355,2.573226,99.856129,0.010122,4.257419,24.440645,3.129677,0.597742,0.000000,13.710000,51.838710,43.340645,18.685161,0.000000,372.629032,137.132258,0.219355,1.430645,0.110000,1.166129,58.518710,5.413226,0.015806,265.046774,0.072903,2.954305,2.952667,10.831452
1994.000000,21.792581,183.471935,2.891290,98.807742,0.009470,3.843548,26.702903,5.662258,0.523226,0.000000,12.611935,49.245161,53.569677,17.201935,0.000000,371.325806,149.064516,0.217419,1.117742,0.060000,1.162581,60.306774,3.542903,0.099032,267.711613,0.041935,2.636920,2.635387,11.136649
1994.000000,24.312903,213.303871,3.874194,100.244194,0.008161,1.666452,26.873226,0.306774,0.456129,0.000000,10.433226,51.422581,24.295484,17.371935,0.000000,384.548387,149.509677,0.211613,1.117742,0.040645,1.171613,47.672581,6.087419,0.007097,269.794839,0.041935,3.082110,3.080788,12.934702
1994.000000,21.171290,200.665484,2.926774,99.725161,0.009891,5.915484,24.669677,2.900323,0.671613,0.000000,13.320968,59.325806,45.421935,17.246129,0.000000,364.400000,137.658065,0.221613,2.028065,0.070000,1.176129,65.894516,2.997097,0.191935,268.932581,0.193548,2.544466,2.542865,10.569973
1994.000000,16.081935,189.032581,5.334839,101.148387,0.009960,1.854516,25.404194,4.408710,0.462258,0.000000,13.924839,59.867742,42.889355,15.003871,0.000000,348.532258,144.148387,0.038387,2.028065,0.000000,1.212581,87.248387,0.024839,2.294194,274.355484,0.193548,1.833680,1.832068,10.564965
1994.000000,18.689032,169.971935,5.609677,101.106774,0.010766,1.657742,26.567097,4.408710,0.462258,0.000000,15.110968,49.254839,42.889355,16.900645,0.000000,353.258065,150.706452,0.044839,2.028065,0.000000,1.202581,80.089355,0.916774,0.421290,272.635161,0.193548,2.163080,2.161339,11.961091
1994.000000,15.467419,201.098065,5.425806,101.188710,0.009728,2.918710,25.004194,4.408710,0.462258,0.000000,13.574839,65.370968,42.889355,14.520645,0.000000,349.322581,142.096774,0.038065,2.028065,0.000000,1.216129,88.669355,0.010000,2.891290,274.760000,0.193548,1.763362,1.761787,10.304279
1994.000000,21.286774,214.391290,3.169355,98.810000,0.009377,3.928710,26.433226,3.666129,0.636129,0.000000,12.413226,52.180645,47.718065,16.850968,0.000000,369.361290,147.880645,0.215161,2.028065,0.061935,1.165161,62.155161,3.210968,0.215161,269.097742,0.193548,2.562204,2.560686,11.197100
1994.000000,22.130645,140.520968,4.062903,101.002581,0.011708,2.290968,24.867097,4.755806,0.724194,0.000000,16.379032,54.100000,52.646774,19.253548,0.000000,389.683871,139.812903,0.188710,2.590968,0.020000,1.185806,71.468065,3.815806,0.002258,267.686452,0.241613,2.683516,2.681623,11.846128
1995.000000,21.891290,160.856452,3.290968,98.924194,0.008045,2.468710,26.876452,2.646774,0.460000,0.000000,9.863871,48.309677,37.893548,15.877097,0.000000,376.161290,150.019355,0.135484,1.117742,0.060000,1.165161,51.175806,3.649355,0.215484,272.663548,0.041935,2.657558,2.656254,11.582660
1995.000000,24.380645,124.920000,2.074839,100.479355,0.010753,5.515484,25.338065,3.710968,0.670323,0.000000,14.341290,49.938710,42.670000,19.360968,0.000000,390.209677,143.945161,0.155161,2.590968,0.218710,1.169677,58.632258,5.970323,0.032581,262.664194,0.241613,3.086152,3.084414,10.643529
1995.000000,22.494516,156.004516,3.391935,99.154194,0.007899,2.470000,26.876452,2.014839,0.440323,0.000000,9.569677,48.309677,35.335484,16.031935,0.000000,376.161290,150.019355,0.135484,1.117742,0.060000,1.166129,48.632903,4.186129,0.170000,272.583226,0.041935,2.757373,2.756093,11.863572
1995.000000,20.319355,157.644839,3.867419,100.667097,0.009663,3.314194,25.917419,0.939032,0.662581,0.000000,13.106452,57.474194,33.560000,16.712581,0.000000,384.445161,146.519355,0.145484,2.028065,0.054194,1.191935,67.499032,2.490323,0.403226,275.387419,0.193548,2.409931,2.408367,11.306073
1995.000000,22.704194,191.570000,3.910323,99.109677,0.007177,1.815161,27.564516,0.520968,0.466129,0.000000,8.203226,49.777419,27.446774,15.452903,0.000000,379.067742,152.864516,0.136774,1.117742,0.050000,1.166129,44.295161,4.513226,0.211935,275.547742,0.041935,2.804099,2.802935,12.555453
1995.000000,23.062258,154.436129,3.351935,99.329677,0.007701,2.496774,26.766129,1.293226,0.424839,0.000000,9.138710,47.941935,32.292581,16.101290,0.000000,381.554839,149.706452,0.140968,1.117742,0.074516,1.165484,45.976452,4.720968,0.127419,272.490968,0.041935,2.853632,2.852384,11.983924
1995.000000,23.869677,143.904516,2.487419,100.727742,0.009683,2.620000,26.074839,1.515806,0.656452,0.000000,12.779355,52.664516,31.903548,18.324839,0.000000,386.254839,147.374194,0.143226,2.590968,0.090000,1.177419,56.019677,5.615806,0.086452,267.215484,0.241613,2.994388,2.992821,11.182607
1995.000000,24.123226,129.437742,2.742581,99.842903,0.010434,1.439355,23.809032,1.160323,0.674516,0.000000,13.929032,70.141935,29.522903,19.026129,0.000000,400.438710,136.254839,0.220323,2.590968,0.134516,1.166452,59.177742,6.043226,0.008387,264.643871,0.241613,3.036893,3.035205,11.013218
1995.000000,22.405161,197.852581,4.797742,100.754194,0.007172,0.430645,27.141935,0.205806,0.243548,0.000000,8.417419,55.403226,9.431290,15.410968,0.000000,387.390323,150.925806,0.125484,1.117742,0.030000,1.186774,45.938065,4.424516,0.201290,281.460323,0.041935,2.761736,2.760573,13.031130
1995.000000,20.954194,201.931290,3.596774,99.274516,0.008119,2.228387,25.730323,2.701613,0.510000,0.000000,10.252258,53.861290,37.969355,15.602581,0.000000,370.232258,144.061290,0.140000,2.028065,0.060000,1.173548,55.435484,2.957419,0.362903,275.982258,0.193548,2.518287,2.516972,11.296751
1996.000000,23.054839,197.815484,3.889032,100.356129,0.006676,1.194839,27.934194,0.144194,0.356129,0.000000,7.017097,50.122581,14.866774,15.035806,0.000000,370.458065,155.174194,0.154839,1.117742,0.042581,1.180968,41.712581,4.685806,0.040968,277.996129,0.041935,2.845894,2.844812,12.707716
1996.000000,18.367419,168.358065,5.760645,101.003548,0.010029,1.200323,26.765806,2.717419,0.408387,0.000000,13.949355,47.774194,30.278065,16.157419,0.000000,346.258065,150.738710,0.044839,2.028065,0.000000,1.203871,76.050645,0.569677,0.630323,279.034516,0.193548,2.119135,2.117512,11.925734
1996.000000,16.233548,168.049355,5.442581,101.125161,0.009809,2.831613,28.033871,2.717419,0.408387,0.000000,13.703871,44.429032,30.278065,14.968387,0.000000,338.454839,157.170968,0.044839,2.028065,0.000000,1.211935,85.420968,0.010968,2.173871,277.037097,0.193548,1.849908,1.848320,11.096465
1996.000000,19.246774,174.434839,5.185161,100.888710,0.008695,1.405806,26.681935,0.328710,0.287742,0.000000,11.506452,55.016129,13.862581,15.377097,0.000000,374.280645,147.861290,0.162581,1.117742,0.010000,1.200000,63.723226,1.336774,0.457097,280.038065,0.041935,2.244117,2.242709,11.963817
1996.000000,25.162903,126.949355,2.493871,100.648065,0.010385,3.456452,25.660968,2.104194,0.538065,0.000000,14.291613,44.787097,32.349677,19.725806,0.000000,385.225806,144.032258,0.137742,2.590968,0.080000,1.170645,56.103226,6.880968,0.000000,266.101613,0.241613,3.227379,3.225698,11.380067
1996.000000,23.232903,130.204194,4.150323,100.848710,0.011509,2.475484,24.496774,0.617097,0.635161,0.000000,15.975484,54.903226,27.963226,19.605484,0.000000,384.738710,138.503226,0.145161,2.590968,0.030000,1.181935,66.668387,4.891935,0.000000,268.134194,0.241613,2.861721,2.859860,12.249299
1996.000000,22.900323,172.596774,2.936452,99.284516,0.008282,2.522903,26.408710,0.180645,0.609032,0.000000,10.280000,49.848387,27.673226,16.590000,0.000000,364.490323,147.093548,0.154516,2.028065,0.070000,1.165806,51.840323,4.639677,0.012258,273.130323,0.193548,2.813515,2.812173,11.479206
1996.000000,14.735806,182.056452,5.130968,101.084516,0.009133,1.117419,27.627097,2.717419,0.408387,0.000000,12.635161,49.645161,30.278065,13.686129,0.000000,336.722581,155.387097,0.044194,2.028065,0.000000,1.217742,87.535161,0.000000,3.682581,279.002581,0.193548,1.680116,1.678637,10.295865
1996.000000,21.034194,172.214194,3.438065,99.651290,0.008311,2.686129,24.992581,2.068065,0.533226,0.000000,10.648387,55.048387,34.375806,15.840645,0.000000,366.409677,139.732258,0.154839,2.028065,0.060000,1.177097,57.228387,3.307097,0.173871,275.575484,0.193548,2.514846,2.513500,11.052215
1996.000000,17.786129,171.523548,5.805161,101.022903,0.010007,1.152581,26.506129,2.717419,0.408387,0.000000,13.938387,50.277419,30.278065,15.861613,0.000000,342.974194,149.658065,0.045484,2.028065,0.000000,1.205161,78.757419,0.312258,0.948065,278.783871,0.193548,2.042360,2.040740,11.641519
1997.000000,26.213226,132.715806,3.111935,100.261935,0.011683,2.639355,25.933548,0.990645,0.640000,0.000000,15.996129,48.596774,31.665806,21.104839,0.000000,396.364516,146.609677,0.115484,2.590968,0.070000,1.162903,58.377742,8.135806,0.000000,257.910645,0.241613,3.415391,3.413503,12.500351
1997.000000,23.190323,186.744516,4.104516,100.780645,0.010184,3.148710,26.565484,0.838065,0.425806,0.000000,13.758710,54.070968,29.008065,18.473871,0.000000,386.835484,148.506452,0.106774,1.117742,0.020968,1.180645,60.077419,4.962581,0.000000,268.546452,0.041935,2.857983,2.856335,12.651466
1997.000000,23.786774,196.379677,3.344194,98.084194,0.009323,2.960968,26.071290,1.950323,0.477419,0.000000,12.064839,53.448387,39.743871,17.925161,0.000000,383.603226,145.841935,0.109677,1.117742,0.051290,1.146452,52.810000,5.555484,0.000000,264.620000,0.041935,2.967927,2.966417,11.984196
1997.000000,26.092258,134.067097,3.474516,100.328387,0.012242,3.115161,26.420000,1.023871,0.656452,0.000000,16.796452,46.593548,35.778065,21.443548,0.000000,401.529032,149.006452,0.112258,2.590968,0.040000,1.163548,60.645161,7.906774,0.000000,257.800968,0.241613,3.388968,3.386990,12.961822
1997.000000,26.033226,132.714839,2.129355,100.523871,0.012232,5.401290,26.154194,4.345806,0.673548,0.000000,16.817742,40.370968,49.960968,21.425806,0.000000,386.922581,148.216129,0.098387,2.590968,0.120000,1.163548,61.607742,7.848710,0.000000,257.479032,0.241613,3.381406,3.379429,11.301168
1997.000000,18.090323,168.463548,5.538710,100.958387,0.011366,2.140323,26.306452,4.383871,0.430645,0.000000,15.935806,53.087097,43.545484,17.013548,0.000000,354.596774,148.687097,0.039677,2.028065,0.000000,1.200968,87.537419,0.393548,0.655161,270.210968,0.193548,2.080625,2.078787,11.593695
1997.000000,25.339677,155.294194,2.787097,99.508065,0.010275,2.832581,25.678065,2.339032,0.497419,0.000000,13.773871,41.629032,39.806452,19.557097,0.000000,377.845161,144.419355,0.100645,1.117742,0.070000,1.156452,54.047097,6.961613,0.000000,261.946129,0.041935,3.250970,3.249307,11.776699
1997.000000,16.844516,164.689677,5.338065,101.070000,0.010923,3.067419,25.525484,4.383871,0.430645,0.000000,15.392903,57.654839,43.545484,16.118065,0.000000,354.683871,144.948387,0.036129,2.028065,0.000000,1.206774,91.273871,0.114516,1.606774,268.953548,0.193548,1.924366,1.922599,10.905039
1997.000000,20.224194,145.586129,5.420645,101.006774,0.011636,3.465484,26.603871,2.852258,0.503871,0.000000,16.311613,49.358065,42.068387,18.268065,0.000000,375.532258,149.287097,0.091613,2.028065,0.000000,1.191935,79.560645,2.185161,0.113871,265.953226,0.193548,2.380020,2.378139,12.474846
1997.000000,23.474839,195.031613,3.898710,100.586774,0.008778,2.970645,27.073871,0.817097,0.299032,0.000000,11.265806,52.083871,23.512581,17.369677,0.000000,385.564516,150.874194,0.120000,1.117742,0.030000,1.179032,52.004839,5.195161,0.000000,269.877419,0.041935,2.912261,2.910840,12.693666
1998.000000,22.176452,221.229032,4.495806,100.796129,0.008884,3.380000,28.081613,0.962581,0.486774,0.000000,11.733871,49.932258,31.495484,16.955161,0.000000,373.600000,154.774194,0.138065,1.117742,0.030000,1.185484,55.901290,3.990968,0.009677,280.097742,0.041935,2.690601,2.689163,12.931221
1998.000000,22.036129,116.740645,2.487419,100.269677,0.010925,4.007097,25.957097,7.739355,0.551290,0.000000,14.818065,46.003226,56.959355,18.425806,0.000000,368.416129,145.445161,0.118065,2.590968,0.070000,1.176129,66.712258,3.479355,0.063548,265.334839,0.241613,2.673755,2.671988,10.674737
1998.000000,21.146774,165.833226,2.948710,99.591613,0.009728,4.873226,26.551935,5.162581,0.535161,0.000000,12.875161,44.245161,49.459355,17.010645,0.000000,357.996774,147.767742,0.120000,1.117742,0.070000,1.174194,63.197419,2.772903,0.149355,272.552903,0.041935,2.532382,2.530807,11.038762
1998.000000,23.177742,110.705806,2.497742,100.062581,0.011709,4.776452,25.402903,5.034839,0.669677,0.000000,15.862903,45.003226,47.336129,19.519677,0.000000,374.254839,142.729032,0.117742,1.430645,0.080000,1.168710,67.356452,4.764516,0.006129,260.521613,0.072903,2.871696,2.869803,10.902181
1998.000000,20.758387,220.840968,4.344839,100.212258,0.009213,3.543871,26.686129,4.635806,0.467419,0.000000,12.308710,44.312903,45.187097,16.533548,0.000000,362.338710,148.132258,0.145806,2.028065,0.040000,1.183226,61.686774,2.602581,0.151935,278.300000,0.193548,2.469808,2.468317,12.026296
1998.000000,21.353548,135.737097,3.509355,101.110000,0.010312,2.773548,25.197742,1.489677,0.665161,0.000000,14.107742,50.564516,35.939032,17.731613,0.000000,364.461290,141.154839,0.119032,2.028065,0.060000,1.191613,67.689032,3.176452,0.087097,271.677419,0.193548,2.561677,2.560008,11.261352
1998.000000,22.300000,132.297097,2.639355,99.704839,0.009971,2.224516,27.091935,7.195806,0.414839,0.000000,13.029355,44.032258,52.776129,17.666129,0.000000,366.441935,151.703226,0.127097,1.430645,0.180000,1.170000,59.526129,3.881613,0.078387,269.180323,0.072903,2.715264,2.713650,11.195531
1998.000000,20.839032,200.406452,3.227097,99.027097,0.009264,4.324194,26.503226,4.214839,0.548710,0.000000,12.017742,46.125806,46.169355,16.429032,0.000000,359.880645,147.106452,0.133548,1.117742,0.063548,1.169032,61.493226,2.544516,0.158387,274.049032,0.041935,2.483176,2.481676,11.200528
1998.000000,22.686129,199.786452,3.865161,99.372258,0.008015,3.878387,27.560000,1.239032,0.443226,0.000000,9.693871,49.006452,34.296774,16.190000,0.000000,376.138710,153.329032,0.140645,1.117742,0.050000,1.169677,49.057419,4.341935,0.006452,277.597742,0.041935,2.777295,2.775997,12.536558
1998.000000,21.891935,163.863548,3.438065,99.044194,0.008949,3.990968,27.141935,3.864839,0.460323,0.000000,11.347097,47.593548,44.215161,16.620000,0.000000,366.067742,150.216129,0.127419,1.117742,0.060000,1.165806,56.076774,3.500968,0.062258,274.427419,0.041935,2.647983,2.646534,11.822884
1999.000000,17.018710,135.010000,6.097419,101.392258,0.009900,3.040968,27.155806,0.467742,0.450323,0.000000,13.814839,53.825806,19.167097,15.417419,0.000000,348.719355,151.848387,0.039355,2.028065,0.000000,1.213548,81.914839,0.266452,1.506452,274.964516,0.193548,1.950232,1.948629,11.553554
1999.000000,23.315484,128.932581,2.490968,99.986774,0.009024,3.128387,26.260645,1.719032,0.575161,0.000000,11.684516,48.874194,34.231290,17.499677,0.000000,364.035484,146.980645,0.118710,1.430645,0.110000,1.169355,53.045161,5.083871,0.006452,271.262903,0.072903,2.885689,2.884228,11.078004
1999.000000,20.898387,136.145806,3.381290,99.321613,0.008065,3.035806,26.847419,0.519032,0.623226,0.000000,9.849677,51.051613,23.703226,15.374839,0.000000,354.522581,147.983871,0.134516,2.028065,0.070000,1.176452,56.258065,2.998387,0.334839,272.472581,0.193548,2.504144,2.502838,11.308795
1999.000000,21.910323,151.580645,3.311613,99.042581,0.007525,2.676774,26.203548,0.461290,0.597742,0.000000,8.694839,50.845161,20.682903,15.302581,0.000000,359.435484,144.967742,0.136129,2.028065,0.063548,1.167742,49.375484,3.832581,0.230000,272.526129,0.193548,2.666183,2.664964,11.424660
1999.000000,21.767097,128.688710,4.732903,101.129032,0.011521,4.392581,25.275806,1.607097,0.680968,0.000000,15.941613,54.906452,38.723548,18.853548,0.000000,381.577419,141.741935,0.112581,2.590968,0.023871,1.190645,71.706129,3.555484,0.042581,270.646452,0.241613,2.623671,2.621808,12.358085
1999.000000,14.040000,157.558710,5.658387,101.443548,0.008971,3.567419,27.442258,1.828387,0.375806,0.000000,12.397419,47.551613,23.627419,13.218387,0.000000,329.758065,153.945161,0.037419,2.028065,0.000000,1.225161,89.930968,0.000000,4.303871,276.183548,0.193548,1.608725,1.607272,10.175342
1999.000000,23.156452,124.823871,2.702258,100.162903,0.008484,3.406774,27.053871,1.846774,0.529677,0.000000,10.745161,44.877419,32.361290,16.951935,0.000000,364.348387,150.445161,0.121935,1.430645,0.070000,1.173548,50.617742,4.860000,0.035161,271.696774,0.072903,2.859581,2.858207,11.439283
1999.000000,23.405484,168.868387,4.069677,100.412903,0.007327,2.858065,27.591290,0.156129,0.439677,0.000000,8.569355,55.367742,18.950645,15.986452,0.000000,378.445161,152.345161,0.151935,1.117742,0.040645,1.178710,44.522581,5.301290,0.130323,275.022258,0.041935,2.923613,2.922425,12.944958
1999.000000,23.314194,125.741613,2.563226,99.978065,0.008816,3.508710,27.053871,1.636129,0.548065,0.000000,11.300645,44.877419,33.498710,17.307742,0.000000,364.348387,150.445161,0.121935,1.430645,0.090000,1.170000,51.870323,5.016452,0.006774,271.520968,0.072903,2.886329,2.884902,11.332749
1999.000000,23.408387,141.294516,1.884839,100.897097,0.010260,3.954839,24.618387,1.817097,0.656452,0.000000,13.870645,54.222581,35.252581,18.639032,0.000000,383.641935,139.361290,0.107097,2.590968,0.551613,1.181613,60.957097,5.415161,0.001290,270.035484,0.241613,2.900075,2.898415,9.959855
2000.000000,21.792581,184.045161,3.960968,100.705484,0.010383,3.497419,26.660968,4.534194,0.460968,0.000000,14.449677,55.070968,43.753226,18.120968,0.000000,371.219355,148.841935,0.121935,2.028065,0.030323,1.183871,66.662258,3.604516,0.033226,266.030323,0.193548,2.629377,2.627697,12.065269
2000.000000,23.990323,169.149677,2.310968,99.449032,0.009949,3.040645,27.139032,1.865484,0.611290,0.000000,13.531613,43.154839,39.272258,18.760323,0.000000,366.561290,151.267742,0.119677,2.028065,0.070000,1.160000,57.072903,5.579355,0.000000,262.440323,0.193548,2.998185,2.996575,11.291391
2000.000000,24.297419,206.691290,3.114194,98.460968,0.008533,2.916774,28.276774,0.709677,0.417097,0.000000,10.862581,50.780645,25.664839,17.580645,0.000000,370.558065,156.429032,0.128065,1.117742,0.051935,1.150323,47.745806,5.974516,0.000000,263.791290,0.041935,3.054366,3.052984,12.505873
2000.000000,25.051290,214.333226,3.540323,99.043871,0.007920,2.600323,28.581290,0.178710,0.442581,0.000000,9.771290,55.290323,17.565484,17.411613,0.000000,381.880645,158.725806,0.149677,1.117742,0.050000,1.155806,43.233548,6.760323,0.000000,264.877742,0.041935,3.199114,3.197830,13.250437
2000.000000,23.137742,203.002258,3.113871,99.539032,0.009332,3.386774,27.024839,2.741935,0.510968,0.000000,12.566452,54.161290,39.352581,17.851613,0.000000,369.674194,150.393548,0.122581,2.028065,0.060000,1.166774,56.645806,4.866129,0.024194,264.787419,0.193548,2.861950,2.860439,11.852989
2000.000000,17.807419,189.984194,4.836129,101.250000,0.011171,2.850645,28.331290,2.968065,0.390968,0.000000,15.737097,38.838710,33.314194,16.770968,0.000000,342.790323,157.919355,0.035484,2.028065,0.000000,1.205161,87.913226,0.186774,0.701613,268.260968,0.193548,2.042524,2.040717,11.479000
2000.000000,17.804194,164.050968,5.057742,101.193871,0.010982,1.167742,28.892581,2.968065,0.390968,0.000000,15.453548,38.483871,33.314194,16.629355,0.000000,336.819355,160.929032,0.035484,2.028065,0.000000,1.206129,86.366774,0.214516,0.740000,269.158710,0.193548,2.042517,2.040740,11.685335
2000.000000,25.563226,139.511290,2.098387,100.277419,0.010023,3.172581,26.800323,3.590000,0.447742,0.000000,13.720645,43.361290,41.592903,19.640968,0.000000,371.516129,149.693548,0.119355,2.590968,0.070000,1.163871,52.760323,7.157419,0.000000,261.504839,0.241613,3.291447,3.289825,11.353377
2000.000000,24.363548,147.680323,2.174516,99.913871,0.010235,3.605161,26.941935,5.390000,0.469032,0.000000,14.000000,44.316129,48.397419,19.180968,0.000000,367.848387,150.480645,0.119677,1.117742,0.070000,1.162903,56.455806,5.849032,0.000000,262.069355,0.041935,3.065715,3.064059,11.184293
2000.000000,19.848710,146.533226,5.133226,101.242258,0.012207,3.360323,27.201935,1.402581,0.581935,0.000000,17.160000,45.374194,35.854839,18.503226,0.000000,351.309677,152.661290,0.030968,2.028065,0.000000,1.197097,84.751613,1.657419,0.078387,265.375161,0.193548,2.321264,2.319291,12.288133
2001.000000,24.623871,164.422581,3.228065,100.962258,0.012830,5.082581,26.117419,4.860645,0.703871,0.000000,17.562258,45.787419,52.668387,21.092581,0.000000,390.594839,139.326452,0.151290,2.610968,0.040000,1.174194,67.395484,6.192581,0.010323,268.969032,0.244194,3.125331,3.123258,12.019906
2001.000000,22.298065,208.796774,3.064839,98.798710,0.010177,4.837742,24.890968,2.251290,0.660645,0.000000,13.402581,50.128710,40.631935,17.850000,0.000000,366.431290,129.790645,0.168387,2.393226,0.070000,1.159355,62.122903,4.151613,0.272903,272.881290,0.250968,2.745921,2.744274,10.987738
2001.000000,15.978065,201.730645,4.845161,101.113226,0.010062,3.501290,25.097097,2.576774,0.371935,0.000000,14.096129,55.483871,29.664839,15.037097,0.000000,342.684194,132.705161,0.060968,2.286129,0.000000,1.210000,88.870000,0.000000,2.360645,275.451613,0.252258,1.819764,1.818135,10.062567
2001.000000,24.493226,155.827742,2.885161,99.949355,0.011285,4.200645,25.674194,3.719355,0.557742,0.000000,15.170000,48.141290,43.655484,19.831290,0.000000,387.619355,135.803548,0.143548,2.590000,0.070000,1.164839,60.720000,6.251613,0.043871,271.159032,0.206452,3.142005,3.140181,11.616811
2001.000000,23.753226,157.524839,2.785161,100.015161,0.011727,4.668065,25.146129,5.718065,0.541613,0.000000,15.817097,48.411613,51.408387,19.786452,0.000000,386.193548,134.442903,0.140323,2.580968,0.070000,1.166774,64.834516,5.423226,0.080645,271.032581,0.206452,3.000744,2.998849,11.178597
2001.000000,24.313548,124.275161,2.469032,99.734516,0.012216,5.088710,25.698065,4.689677,0.540645,0.000000,16.513226,48.380323,47.470000,20.412581,0.000000,388.889677,135.582581,0.149032,2.560323,0.226129,1.160968,65.459355,6.072258,0.061935,267.987742,0.206452,3.098919,3.096945,11.147728
2001.000000,22.638065,219.096129,3.620000,99.452581,0.009294,3.080645,25.688065,2.604194,0.525161,0.000000,12.057419,51.704194,37.150323,17.348710,0.000000,365.828710,133.346129,0.174516,2.187742,0.060000,1.168710,56.694194,4.544839,0.208065,274.548387,0.243871,2.801604,2.800099,11.834353
2001.000000,18.470645,170.887419,5.386129,100.996774,0.010659,4.327742,25.370968,2.576774,0.371935,0.000000,14.936452,56.718387,29.664839,16.702903,0.000000,357.780968,133.848387,0.060645,2.183548,0.000000,1.199677,80.365806,0.701613,0.475484,276.640645,0.243871,2.132995,2.131270,11.479643
2001.000000,25.090645,156.712258,2.901613,99.844194,0.010893,3.616129,25.674194,3.037419,0.478387,0.000000,14.582581,48.141290,38.952258,19.836774,0.000000,387.619355,135.803548,0.143548,2.590000,0.080000,1.161935,56.906129,6.880645,0.026129,271.235161,0.206452,3.255596,3.253834,11.805209
2001.000000,24.444516,147.969677,2.369032,100.000323,0.013323,5.906129,25.353871,6.390968,0.712903,0.000000,18.058710,50.767742,55.863871,21.251613,0.000000,391.213226,134.380645,0.167419,2.620323,0.124516,1.162258,70.667097,5.905484,0.008387,265.720000,0.181935,3.104853,3.102701,10.911965
2002.000000,21.020968,137.681613,3.446774,100.778387,0.010925,2.150968,25.865161,2.915484,0.701935,0.000000,15.219677,46.090968,44.280968,18.119355,0.000000,365.261613,136.389032,0.133871,2.490645,0.054194,1.186774,72.450000,3.044839,0.148387,277.488387,0.159032,2.509626,2.507859,11.255740
2002.000000,24.002903,157.975161,2.762581,100.545161,0.010117,1.459032,26.467742,0.790968,0.618710,0.000000,13.886774,43.792258,30.533548,18.944839,0.000000,372.987419,138.560645,0.170968,2.420968,0.070000,1.175161,59.248065,5.704194,0.027097,275.322581,0.175161,3.017323,3.015685,11.631640
2002.000000,24.070645,189.816129,4.261935,100.826129,0.008412,1.701613,27.327097,0.360645,0.335161,0.000000,10.923226,45.860323,16.656774,17.495806,0.000000,366.910645,142.594194,0.137419,2.169355,0.040000,1.181290,48.933226,5.901935,0.000000,280.970968,0.145806,3.038313,3.036950,13.284868
2002.000000,22.110000,173.240323,4.066129,100.085806,0.009974,2.354839,26.521613,3.394839,0.377097,0.000000,13.675806,50.858387,37.562903,17.892581,0.000000,359.039355,138.270968,0.173548,2.141290,0.040000,1.177419,62.323226,3.931935,0.130968,279.264516,0.145806,2.686493,2.684878,12.239562
2002.000000,19.957742,147.602258,4.694516,101.109355,0.011252,1.506129,25.714516,2.186452,0.534194,0.000000,15.817419,50.957742,51.516774,17.887742,0.000000,361.315806,136.082258,0.120323,2.452258,0.020000,1.195484,78.064839,1.822581,0.157419,278.661935,0.162581,2.341989,2.340169,11.732841
2002.000000,24.463548,145.857419,2.997419,101.030000,0.010445,1.550000,26.367742,0.813871,0.627097,0.000000,14.405161,40.619032,28.448710,19.434516,0.000000,375.243548,138.018387,0.175806,2.505484,0.070000,1.179677,59.846129,6.422258,0.000323,274.098710,0.174194,3.099860,3.098170,12.014102
2002.000000,24.611613,135.285806,1.888710,101.011290,0.011368,3.217097,27.095806,3.915484,0.686452,0.000000,15.880000,42.706129,46.544516,20.245806,0.000000,385.129355,142.617419,0.150645,2.395161,0.573548,1.175806,63.511290,6.496129,0.000000,270.869032,0.168065,3.121333,3.119494,10.915406
2002.000000,18.921613,126.581290,5.391613,101.355484,0.011563,2.685484,26.449677,4.913226,0.564516,0.000000,16.274194,53.719677,51.332258,17.597419,0.000000,354.030323,140.816129,0.062258,2.443871,0.000000,1.204516,84.900968,0.841613,0.231290,278.169677,0.138710,2.191445,2.189575,11.919039
2002.000000,20.134194,135.104516,4.517742,100.966774,0.011277,2.226452,25.893548,1.369355,0.557419,0.000000,15.799677,47.807419,44.057419,17.966452,0.000000,357.621935,137.767097,0.050000,2.457097,0.020000,1.193871,77.585484,2.044194,0.149032,277.967097,0.162581,2.369001,2.367177,11.729403
2002.000000,20.834194,125.928710,5.464839,101.338387,0.012424,3.608387,26.993871,4.608065,0.703548,0.000000,17.395161,44.729677,46.950968,19.114194,0.000000,361.532903,143.765161,0.072258,2.512258,0.000000,1.195806,80.933226,2.531290,0.002903,276.282903,0.136129,2.468534,2.466526,12.853171
2003.000000,18.950645,187.008710,5.549355,100.936129,0.010765,2.999677,25.866129,3.430323,0.530968,0.000000,15.060000,45.275484,41.857419,17.004194,0.000000,354.669677,137.062581,0.050000,2.305484,0.000000,1.197419,78.653871,1.169355,0.388710,279.595484,0.149677,2.200545,2.198803,11.866491
2003.000000,24.402581,189.948387,2.664194,99.952903,0.010364,1.855161,28.701935,6.602581,0.556774,0.000000,14.038065,38.916129,56.864516,19.220645,0.000000,374.331290,152.465161,0.142258,2.173871,0.070000,1.164194,56.761290,6.031935,0.013548,269.948065,0.136129,3.100354,3.098677,12.147817
2003.000000,24.328065,158.524839,2.603226,100.280968,0.011965,1.762903,28.144194,7.107097,0.739355,0.000000,16.553548,36.591935,59.952903,20.441935,0.000000,384.884516,148.353226,0.165161,2.332581,0.060000,1.167419,65.297097,5.960645,0.000000,265.516774,0.146129,3.073918,3.071984,11.933455
2003.000000,26.066452,203.293226,2.973226,99.404516,0.008275,1.407742,29.685806,2.148710,0.345806,0.000000,10.291935,36.756129,30.263226,18.179355,0.000000,369.641613,154.562258,0.166452,2.145806,0.090000,1.154194,42.075161,7.659677,0.000000,272.619355,0.113548,3.419848,3.418508,13.157488
2003.000000,16.993226,184.093871,5.357097,100.882903,0.010062,1.486452,28.083548,4.599032,0.478065,0.000000,14.030323,50.022258,42.461935,15.513548,0.000000,336.349677,147.953871,0.064516,2.079032,0.000000,1.207097,82.972581,0.126452,1.419032,283.614839,0.119677,1.942169,1.940540,11.353523
2003.000000,23.271935,203.852903,2.655161,99.850645,0.010638,1.886129,28.678387,8.111290,0.561290,0.000000,14.484839,41.805161,63.674194,18.876452,0.000000,371.294194,149.850645,0.160645,2.163871,0.070000,1.166129,61.191290,4.887097,0.047419,271.361290,0.130645,2.892278,2.890557,11.809060
2003.000000,25.342258,163.065806,1.934839,99.551290,0.010970,3.216129,28.451290,4.911613,0.544839,0.000000,14.957742,38.262258,52.624194,20.150000,0.000000,377.260323,149.525161,0.143871,2.189032,0.387742,1.154839,57.260000,7.079355,0.000000,266.430000,0.136129,3.277086,3.275311,11.491186
2003.000000,23.141290,225.532581,3.538387,97.605161,0.008360,1.299032,28.482258,2.085161,0.470968,0.000000,10.244839,41.652258,34.937742,16.692903,0.000000,365.835161,147.796129,0.175161,2.040000,0.060000,1.144516,49.430000,4.887097,0.063226,275.225484,0.130968,2.867457,2.866102,12.567047
2003.000000,21.158387,204.278065,4.722581,101.016129,0.011180,2.775806,26.601935,2.120323,0.656129,0.000000,15.553226,46.426452,40.076129,18.355161,0.000000,360.981935,141.301935,0.083226,2.438710,0.020000,1.188710,72.272903,3.057097,0.103226,275.923548,0.151613,2.531082,2.529274,12.338640
2003.000000,15.129032,205.974839,5.050645,100.911613,0.009291,3.301290,26.486452,4.599032,0.478065,0.000000,12.824516,66.320323,42.461935,13.976452,0.000000,341.512903,140.046452,0.061935,2.034194,0.000000,1.212258,86.344839,0.010968,3.198065,284.046452,0.133548,1.725273,1.723769,10.223832
2004.000000,25.195161,127.507097,2.490000,100.209032,0.010027,3.233226,26.849677,4.776774,0.453226,0.000000,13.726774,49.711935,44.928387,19.460645,0.000000,390.082581,144.067097,0.159355,2.466774,0.070000,1.165161,52.538065,6.742903,0.000000,269.965161,0.142581,3.245589,3.243966,11.711447
2004.000000,23.342581,180.517097,3.108387,98.884839,0.009248,1.890645,25.337742,0.838710,0.572581,0.000000,12.177097,53.345806,30.002258,17.759355,0.000000,376.576774,132.790323,0.165484,2.344839,0.060000,1.160323,54.861613,5.161613,0.063548,271.403548,0.141290,2.907724,2.906227,11.506051
2004.000000,14.794516,151.780645,4.691613,101.459355,0.009685,1.041290,26.106129,2.942581,0.408710,0.000000,13.529355,59.880000,31.640000,14.161613,0.000000,344.245806,139.305161,0.065161,2.336452,0.000000,1.220323,92.184516,0.013871,3.534839,276.443871,0.127742,1.691808,1.690240,9.869403
2004.000000,22.939355,136.778710,2.795161,100.573226,0.010089,2.482258,24.819032,0.678065,0.639677,0.000000,13.809032,55.464839,30.845161,18.374194,0.000000,378.971290,130.389355,0.182903,2.526129,0.070000,1.179677,62.515161,4.995161,0.066129,272.334839,0.138387,2.836658,2.835026,10.954710
2004.000000,24.548710,176.916774,3.798065,100.267097,0.009203,2.075806,27.559355,0.638065,0.476774,0.000000,12.371935,49.587097,27.397419,18.460000,0.000000,370.882258,143.843871,0.177419,2.222903,0.040000,1.170000,51.048710,6.375161,0.021290,272.888710,0.122903,3.125028,3.123538,13.033946
2004.000000,24.035484,116.375484,2.695806,100.509355,0.011820,2.858710,26.573226,2.234194,0.666129,0.000000,16.372258,40.444516,37.138387,20.204839,0.000000,380.919355,143.566129,0.180968,2.662581,0.140000,1.174516,66.916129,5.940645,0.006129,272.063226,0.148710,3.015342,3.013432,11.539452
2004.000000,14.983226,147.977097,4.594839,101.481290,0.009806,1.530968,26.106129,2.942581,0.408710,0.000000,13.726129,59.880000,31.640000,14.354516,0.000000,344.245806,139.305161,0.065161,2.336452,0.000000,1.220000,92.281613,0.008065,3.343871,275.968065,0.127742,1.712042,1.710455,9.877005
2004.000000,14.340323,157.465484,4.536452,101.477097,0.009427,0.980968,26.106129,2.942581,0.408710,0.000000,13.154839,59.880000,31.640000,13.747742,0.000000,344.245806,139.305161,0.065161,2.336452,0.000000,1.222903,92.653871,0.000000,3.969355,276.562258,0.127742,1.640801,1.639274,9.623012
2004.000000,23.398387,188.071613,3.395806,98.827742,0.008944,1.915161,27.409677,1.247742,0.431290,0.000000,11.707419,50.435161,29.934194,17.553548,0.000000,365.532581,143.091290,0.177419,2.243871,0.053871,1.159032,52.835484,5.228710,0.091613,271.989032,0.122903,2.923224,2.921776,12.275485
2004.000000,16.684516,135.728387,5.220645,101.419677,0.010622,1.188710,26.195161,2.942581,0.408710,0.000000,14.908065,56.294194,31.640000,15.797097,0.000000,344.800323,139.669032,0.066452,2.336452,0.000000,1.215484,89.356774,0.178065,1.806774,275.564839,0.122903,1.910439,1.908721,10.824902
2005.000000,23.511613,164.257419,3.397419,100.938710,0.010277,5.249355,24.814516,0.611290,0.635806,0.000000,13.733226,48.359032,32.090000,18.622903,0.000000,373.542903,130.092903,0.154194,2.399032,0.070000,1.180968,60.405484,5.588387,0.092903,262.670000,0.163871,2.939816,2.938154,11.632631
2005.000000,23.540323,149.355484,4.566774,101.008065,0.011921,5.863226,24.866774,0.378387,0.644194,0.000000,16.257097,46.725484,30.943871,19.898387,0.000000,378.551613,130.866129,0.125484,2.466129,0.030000,1.181613,67.304516,5.414194,0.054516,261.690323,0.178387,2.930608,2.928681,12.706742
2005.000000,25.476774,149.037097,3.020645,99.737097,0.010256,5.647419,27.285806,0.426129,0.663226,0.000000,13.584516,42.670645,30.542581,19.531290,0.000000,383.600323,143.597742,0.178387,2.485161,0.134516,1.160323,53.783226,7.257097,0.021935,258.511290,0.132258,3.313491,3.311832,12.450207
2005.000000,26.390323,150.390000,1.838387,100.788387,0.010317,4.956774,25.597742,0.716129,0.640968,0.000000,13.765484,55.611613,34.605484,20.078387,0.000000,395.302903,135.260000,0.150645,2.484516,0.570968,1.166452,51.539032,8.268065,0.060000,258.370968,0.144194,3.504404,3.502735,10.757560
2005.000000,21.196774,214.021935,4.502258,100.212258,0.009130,1.767419,28.224516,3.913548,0.445484,0.269677,12.039032,32.683871,38.721290,16.617742,0.000000,347.341290,146.476452,0.171613,1.967742,0.040000,1.182581,59.403871,3.073548,0.206774,268.625484,0.140968,2.541979,2.540500,12.544769
2005.000000,21.753871,197.307097,3.631290,97.910645,0.007676,1.040968,28.177419,2.314194,0.465806,0.471290,8.818065,35.780323,35.643548,15.285806,0.000323,351.917097,145.683548,0.173871,1.832581,0.054194,1.153226,48.307419,3.620323,0.271613,265.623871,0.127097,2.641002,2.639758,12.046710
2005.000000,21.543226,212.097097,4.460323,99.906774,0.008774,1.332581,28.681290,3.062903,0.371935,0.289677,11.388065,30.992258,34.857742,16.466452,0.000000,339.308710,148.379032,0.176452,1.825484,0.040000,1.178710,56.108710,3.366774,0.192581,268.620000,0.116774,2.599016,2.597595,12.737558
2005.000000,24.310000,173.753226,2.818387,100.643226,0.009772,4.901290,25.132903,1.504516,0.598710,0.000000,12.912258,53.287419,38.220645,18.612581,0.000000,384.633871,131.323871,0.180000,2.322903,0.070000,1.174194,54.950323,6.199355,0.127419,260.930645,0.167419,3.092377,3.090795,11.373119
2005.000000,22.186452,196.877742,5.053226,100.857742,0.008552,0.850968,29.432258,0.937419,0.419032,0.000000,11.066774,26.662581,24.922258,16.627097,0.000000,344.848710,151.733226,0.142581,1.715806,0.020968,1.187097,53.706452,4.055161,0.115161,272.161290,0.116774,2.697473,2.696088,13.575384
2005.000000,21.416452,216.487097,3.934516,98.148065,0.007786,1.067419,28.681290,1.847419,0.478710,0.461290,9.154516,30.992258,35.519032,15.285161,0.000323,339.308710,148.379032,0.176452,1.825484,0.051290,1.159032,50.257097,3.370323,0.316452,266.862581,0.116774,2.586716,2.585455,12.308176
